,Voter_id,Name,Relation_Name,Relation_type,Age,Gender,House_Number,Assembly_Constituency_No_and_Name,Section_No_and_Name,Part_Number,Constituency,Key
202,ZGF1860965,DURGA NARASIMHA CHARI VADLA,VIJAYA LAKSHMI VADLA,3,35,MALE, 50-2-246,137-Kurnool,"1-Doctors Colony Road, KURNOOL",65,Kurnool,Kurnool-65
203,ZGF1270032,SHALAPPA G,NAGANNA G,1,80,MALE, 50-2-237,137-Kurnool,"1-Doctors Colony Road, KURNOOL",65,Kurnool,Kurnool-65
204,ZGF1269992,PANDURANGA NAIDU,MV NAIDU,1,48,MALE, 50-2-237,137-Kurnool,"1-Doctors Colony Road, KURNOOL",65,Kurnool,Kurnool-65
205,ZGF1269836,SWARNA LATHAM,PANDU RANGA NAIDU M,2,39,FEMALE, 50-2-237,137-Kurnool,"1-Doctors Colony Road, KURNOOL",65,Kurnool,Kurnool-65
206,ZGF0849802,K PRAHLADAR,K SESHAGIRI R,1,44,MALE, 50-2-235,137-Kurnool,"1-Doctors Colony Road, KURNOOL",65,Kurnool,Kurnool-65
207,ZGF0849794,K SATHYANARAYAN R,K SESHAGIRI R,1,32,MALE, 50-2-235,137-Kurnool,"1-Doctors Colony Road, KURNOOL",65,Kurnool,Kurnool-65
208,ZGF0849786,BHASKAR GAUD,SANJANNA GAUD,1,50,MALE, 50-2-235,137-Kurnool,"1-Doctors Colony Road, KURNOOL",65,Kurnool,Kurnool-65
209,ZGF0849778,SESHAGIRI R,K NARAAYANA R,1,72,MALE, 50-2-235,137-Kurnool,"1-Doctors Colony Road, KURNOOL",65,Kurnool,Kurnool-65
210,ZGF0849760,TIE CHINNA VENKATA SVAMI,TIE AYYANNA,1,46,MALE, 50-2-235,137-Kurnool,"1-Doctors Colony Road, KURNOOL",65,Kurnool,Kurnool-65
211,ZGF0583575,S SAMEENA,S EQBAL BASHA,2,81,FEMALE, 50-2-235,137-Kurnool,"1-Doctors Colony Road, KURNOOL",65,Kurnool,Kurnool-65
212,ZGF2704948,RAAMULU NAIK RATHNAVATH,PEEKLA NAIK RATHNAVATH,1,46,MALE, 50-2-228,137-Kurnool,"1-Doctors Colony Road, KURNOOL",65,Kurnool,Kurnool-65
213,ZGF2675429,LALI BAI RATHNAVATH,RAMULU NAIK RATHNAVATH,2,43,FEMALE, 50-2-228,137-Kurnool,"1-Doctors Colony Road, KURNOOL",65,Kurnool,Kurnool-65
214,ZGF0872937,G RUPABAI,PARMESHWARAVU,2,38,FEMALE, 50-2-227,137-Kurnool,"1-Doctors Colony Road, KURNOOL",65,Kurnool,Kurnool-65
215,ZGF2312718,VANIK,ANJANEYULU K,2,47,FEMALE, 50-2-226,137-Kurnool,"1-Doctors Colony Road, KURNOOL",65,Kurnool,Kurnool-65
216,ZGF2312635,ANJANEYULU K,PITCHAYYAK,1,52,MALE, 50-2-226,137-Kurnool,"1-Doctors Colony Road, KURNOOL",65,Kurnool,Kurnool-65
217,ZGF2711604,BHAVANI RAJAPUTRA,AMBA PRASAD SINGH RAJAPUTRA,2,52,FEMALE, 50-2-222,137-Kurnool,"1-Doctors Colony Road, KURNOOL",65,Kurnool,Kurnool-65
218,ZGF2675544,VINOD KUMAR JARADODDI,LAKSHMAN JARADODDI,1,26,MALE, 50-2-222,137-Kurnool,"1-Doctors Colony Road, KURNOOL",65,Kurnool,Kurnool-65
219,ZGF2675403,RANI JERADODDY,LAKSHMAN JERADODDY,1,28,FEMALE, 50-2-222,137-Kurnool,"1-Doctors Colony Road, KURNOOL",65,Kurnool,Kurnool-65
220,ZGF2675395,PRAMOD KUMAR JARADODDI,LAKSHMANNA JARADODDI,1,27,MALE, 50-2-222,137-Kurnool,"1-Doctors Colony Road, KURNOOL",65,Kurnool,Kurnool-65
221,ZGF2483949,VEMANNA GADIGE,SAYABANNA GADIGE,1,67,MALE, 50-3-341,137-Kurnool,"1-Doctors Colony Road, KURNOOL",65,Kurnool,Kurnool-65
222,ZGF2484020,ASMA SHAIK,SHAIKSHAVALI SHAIK,1,26,FEMALE, 50-3-340,137-Kurnool,"1-Doctors Colony Road, KURNOOL",65,Kurnool,Kurnool-65
223,ZGF2484079,NAZIA FARHEEN SHAIK,BASHEER AHAMMAD SHAIK,1,25,FEMALE, 50-3-338,137-Kurnool,"1-Doctors Colony Road, KURNOOL",65,Kurnool,Kurnool-65
224,ZGF3085040,Mounika V,Lakshmaiah Achari V,2,29,FEMALE, 50-3-330,137-Kurnool,"1-Doctors Colony Road, KURNOOL",65,Kurnool,Kurnool-65
225,ZGF1759382,VARALAKSHMI CHAKALI,NAGARAJU CHAKALI,2,32,FEMALE, 50-3-327,137-Kurnool,"1-Doctors Colony Road, KURNOOL",65,Kurnool,Kurnool-65
226,ZGF1759358,NAGARAJU CHAKALI,SUBBARAYUDU CHAKALI,1,36,MALE, 50-3-327,137-Kurnool,"1-Doctors Colony Road, KURNOOL",65,Kurnool,Kurnool-65
227,ZGF1759176,BALARAJU BUDDA,PULLAIAH BUDDA,1,29,MALE, 50-3-327,137-Kurnool,"1-Doctors Colony Road, KURNOOL",65,Kurnool,Kurnool-65
228,ZGF1668237,SESHAMMA BUDDOLLA,CHINNA PULLAIAH BUDDOLLA,2,53,FEMALE, 50-3-327,137-Kurnool,"1-Doctors Colony Road, KURNOOL",65,Kurnool,Kurnool-65
229,ZGF1668229,OBULESH BUDDOLLA,CHINNA PULLAIAH BUDDOLLA,1,33,MALE, 50-3-327,137-Kurnool,"1-Doctors Colony Road, KURNOOL",65,Kurnool,Kurnool-65
230,ZGF1668161,OBULAMMA BUDDOLLA,OBULESH BUDDOLLA,2,30,FEMALE, 50-3-327,137-Kurnool,"1-Doctors Colony Road, KURNOOL",65,Kurnool,Kurnool-65
231,ZGF2484095,MASTHAN PINJARI,NABEE RASOOL PINJARI,1,42,MALE, 50-3-320,137-Kurnool,"1-Doctors Colony Road, KURNOOL",65,Kurnool,Kurnool-65
232,ZGF2484061,AKHIL KRISHNAMMAGARI,SREENIVASULU KRISHNANAGARI,1,47,MALE, 50-3-313,137-Kurnool,"1-Doctors Colony Road, KURNOOL",65,Kurnool,Kurnool-65
233,ZGF2484053,KRISHNAKANTH KRISHNAMMAGARI,SREENIVASULU KRISHNANAGARI,1,31,MALE, 50-3-313,137-Kurnool,"1-Doctors Colony Road, KURNOOL",65,Kurnool,Kurnool-65
234,ZGF2484046,SREENIVASULU KRISHNAMMAGARI,SESANNA KRISHNANAGARI,1,54,MALE, 50-3-313,137-Kurnool,"1-Doctors Colony Road, KURNOOL",65,Kurnool,Kurnool-65
235,ZGF2484038,LAKSHMIDEVI KRISHNAMMAGARI,SREENIVASULU KRISHNANAGARI,2,47,FEMALE, 50-3-313,137-Kurnool,"1-Doctors Colony Road, KURNOOL",65,Kurnool,Kurnool-65
236,ZGF2383420,KRISHNA NAIK SUGALI,SEVA NAIK SUGALI,1,33,MALE, 50-3-299,137-Kurnool,"1-Doctors Colony Road, KURNOOL",65,Kurnool,Kurnool-65
237,ZGF2383404,PARVATHI BAI SUGALI,KRISHNA NAIK SUGALI,2,32,FEMALE, 50-3-299,137-Kurnool,"1-Doctors Colony Road, KURNOOL",65,Kurnool,Kurnool-65
238,ZGF2559854,AFREEN SHAIK,ABDUL MAZID DANDU,2,27,FEMALE, 50-3-289,137-Kurnool,"1-Doctors Colony Road, KURNOOL",65,Kurnool,Kurnool-65
239,ZGF2559839,SANAVULLA DANDU,ABDUL SATTAR DANDU,1,73,MALE, 50-3-289,137-Kurnool,"1-Doctors Colony Road, KURNOOL",65,Kurnool,Kurnool-65
240,ZGF1759259,SUBBANNA GOUD LINGALA,KRISHA MURTHY GOUD LINGALA,1,59,MALE, 50-3-279,137-Kurnool,"1-Doctors Colony Road, KURNOOL",65,Kurnool,Kurnool-65
241,ZGF1759218,ANUSHA LINGALA,SUBBANNA GOUD LINGALA,1,31,FEMALE, 50-3-279,137-Kurnool,"1-Doctors Colony Road, KURNOOL",65,Kurnool,Kurnool-65
242,ZGF1759192,SUJATHA LINGALA,SUBBANNA GOUD LINGALA,2,48,FEMALE, 50-3-279,137-Kurnool,"1-Doctors Colony Road, KURNOOL",65,Kurnool,Kurnool-65
243,ZGF0849844,RUDRAIAH,VENKATASUBBAIAH,1,48,MALE, 50-3-244,137-Kurnool,"1-Doctors Colony Road, KURNOOL",65,Kurnool,Kurnool-65
244,ZGF1781146,HABEEBA SHAIK,KHAJA HUSSAIN SHAIK,1,29,FEMALE, 50-3-238,137-Kurnool,"1-Doctors Colony Road, KURNOOL",65,Kurnool,Kurnool-65
245,ZGF1528795,KALIMA SHAIK,KHAJA HUSSIAN SHAIK,1,32,FEMALE, 50-3-238,137-Kurnool,"1-Doctors Colony Road, KURNOOL",65,Kurnool,Kurnool-65
246,ZGF0967026,KHAJA HUSSAIN SHAIK,ABDUL SHUKUR SHAIK,1,65,MALE, 50-3-238,137-Kurnool,"1-Doctors Colony Road, KURNOOL",65,Kurnool,Kurnool-65
247,ZGF0849554,ES NAVAJID,ES ANWAR BASHA,1,45,MALE, 50-2-453,137-Kurnool,"1-Doctors Colony Road, KURNOOL",65,Kurnool,Kurnool-65
248,ZGF0672113,V ANIL BAABU,V OBULA PATHY,1,38,MALE, 50-2-453,137-Kurnool,"1-Doctors Colony Road, KURNOOL",65,Kurnool,Kurnool-65
249,DXS1883578,JAHAR FATHEEMA,ABDUR RASHID,1,38,FEMALE, 50-2-453,137-Kurnool,"1-Doctors Colony Road, KURNOOL",65,Kurnool,Kurnool-65
250,ZGF2675502,SOWMYA LAKSHMI KETHAVATH BUKE,SANKARAIAH KB,1,32,FEMALE, 50-2-444,137-Kurnool,"1-Doctors Colony Road, KURNOOL",65,Kurnool,Kurnool-65
251,ZGF2078633,MARY SWETHA PARADESI,AZARAIAH PARADESI,1,28,FEMALE, 50-3-381,137-Kurnool,"1-Doctors Colony Road, KURNOOL",65,Kurnool,Kurnool-65
252,ZGF1269976,SHAIK MOHAMMED IMTIAZ,SHAIK AHAMED HAJI,1,55,MALE, 50-3-381,137-Kurnool,"1-Doctors Colony Road, KURNOOL",65,Kurnool,Kurnool-65
253,ZGF0584003,KATIKA VIJAYA BAI,KATIKA RAMARAO,2,51,FEMALE, 0-3-381,137-Kurnool,"1-Doctors Colony Road, KURNOOL",65,Kurnool,Kurnool-65
254,ZGF0494666,SAMELU JOHNSON PARADESI,JAN SUNDARAM PARADESI,1,56,MALE, 50-3-381,137-Kurnool,"1-Doctors Colony Road, KURNOOL",65,Kurnool,Kurnool-65
255,DXS3246113,SALOMI PARADESI,AZARAIAH PARADESI,2,59,FEMALE, 50-3-381,137-Kurnool,"1-Doctors Colony Road, KURNOOL",65,Kurnool,Kurnool-65
256,DXS3220167,AZARAIAH PARADESI,JOHN SUNDARAM PARADESI,1,68,MALE, 50-3-381,137-Kurnool,"1-Doctors Colony Road, KURNOOL",65,Kurnool,Kurnool-65
257,ZGF0584037,JE ANANTAMMA,JE SUDHAKAR,2,56,FEMALE, 50-3-372,137-Kurnool,"1-Doctors Colony Road, KURNOOL",65,Kurnool,Kurnool-65
258,ZGF1501726,KUBRA SAFAVI K,NOOR MOHAMMED SHAIK,2,52,FEMALE, 50-3-367,137-Kurnool,"1-Doctors Colony Road, KURNOOL",65,Kurnool,Kurnool-65
259,ZGF1733675,MAHABOOBEE SAYEED,MAHABOOB BASHA SAYEED,2,37,FEMALE, 50-3-364,137-Kurnool,"1-Doctors Colony Road, KURNOOL",65,Kurnool,Kurnool-65
260,ZGF0872820,K VIJAYA KUMARI,K VENKATESHWARLU,2,49,FEMALE, 50-3-361,137-Kurnool,"1-Doctors Colony Road, KURNOOL",65,Kurnool,Kurnool-65
261,ZGF0666602,E SHIVA CHENNA RAYUDU,E RAMA KESAVULU,1,59,MALE, 50-3-361,137-Kurnool,"1-Doctors Colony Road, KURNOOL",65,Kurnool,Kurnool-65
262,ZGF0584029,SANKARAMMA,NARAAYANA,2,78,FEMALE, 50-3-361,137-Kurnool,"1-Doctors Colony Road, KURNOOL",65,Kurnool,Kurnool-65
263,ZGF1733378,BALAJICR,DASARATHI,1,31,MALE, 50-3-360,137-Kurnool,"1-Doctors Colony Road, KURNOOL",65,Kurnool,Kurnool-65
264,ZGF0872838,SUBBAMMA,SHIVCHANDRUDU,2,41,FEMALE, 50-3-360,137-Kurnool,"1-Doctors Colony Road, KURNOOL",65,Kurnool,Kurnool-65
265,ZGF1859810,SWATHI NALLAGATLA,BHASKARU NALLAGATLA,1,28,FEMALE, 50-3-355,137-Kurnool,"1-Doctors Colony Road, KURNOOL",65,Kurnool,Kurnool-65
266,ZGF1794651,PADHMAVATHI C,VENGHANNA C,2,53,FEMALE, 50-3-355,137-Kurnool,"1-Doctors Colony Road, KURNOOL",65,Kurnool,Kurnool-65
267,ZGF1501098,C VENGANNA,C BUSANNA,1,60,MALE, 50-3-355,137-Kurnool,"1-Doctors Colony Road, KURNOOL",65,Kurnool,Kurnool-65
268,ZGF0967273,BHASKARU NALLAGATLA,RAMAKRISHNA NALLAGATLA,1,53,MALE, 50-3-355,137-Kurnool,"1-Doctors Colony Road, KURNOOL",65,Kurnool,Kurnool-65
269,ZGF0583856,ASIRVADAMMA,RAJAVARDHAN,2,49,FEMALE, 50-3-355,137-Kurnool,"1-Doctors Colony Road, KURNOOL",65,Kurnool,Kurnool-65
270,ZGF2312585,MALLIKARJUNA VARAPRASAD PETA,VENKATA SWAMY PETA,1,32,MALE, 50-3-353,137-Kurnool,"1-Doctors Colony Road, KURNOOL",65,Kurnool,Kurnool-65
271,ZGF0872804,S ZAREEN BANU,MMAHABOOB BASHA,2,40,FEMALE, 50-3-349,137-Kurnool,"1-Doctors Colony Road, KURNOOL",65,Kurnool,Kurnool-65
272,ZGF0724419,GM NASIMUNNISA,GM YUSUF BASHA,2,42,FEMALE, 50-3-349,137-Kurnool,"1-Doctors Colony Road, KURNOOL",65,Kurnool,Kurnool-65
273,ZGF1269984,B SRINIVASA RAO,VENKATA SHIVAIAH,1,47,MALE, 50-3-348,137-Kurnool,"1-Doctors Colony Road, KURNOOL",65,Kurnool,Kurnool-65
274,ZGF2484012,HYMAVATHI JAKKI,SREEKANTH JAKKI,2,40,FEMALE, 50-3-344,137-Kurnool,"1-Doctors Colony Road, KURNOOL",65,Kurnool,Kurnool-65
275,ZGF2484004,VEERAPRASAD NADIMINTY,NARASAPPA NADIMINTY,1,46,MALE, 50-3-344,137-Kurnool,"1-Doctors Colony Road, KURNOOL",65,Kurnool,Kurnool-65
276,ZGF2483998,PARVATHI NADIMINTY,NARASAPPA NADIMINTY,1,38,FEMALE, 50-3-344,137-Kurnool,"1-Doctors Colony Road, KURNOOL",65,Kurnool,Kurnool-65
277,ZGF2483980,NARASAPPA NADIMINTY,RAMANNA NADIMINTY,1,68,MALE, 50-3-344,137-Kurnool,"1-Doctors Colony Road, KURNOOL",65,Kurnool,Kurnool-65
278,ZGF1858382,KAVITHA CHAKALI,VENKATARAMANA CHAKALI,2,36,FEMALE, 50-3-344,137-Kurnool,"1-Doctors Colony Road, KURNOOL",65,Kurnool,Kurnool-65
279,ZGF2483972,NAGALAKSHMI NADIMINTY,NARASAPPA NADIMINTY,2,67,FEMALE, 50-3-341,137-Kurnool,"1-Doctors Colony Road, KURNOOL",65,Kurnool,Kurnool-65
280,ZGF2483956,GANGAMMA GADIGE,VEMANNA GADIGE,2,71,FEMALE, 50-3-341,137-Kurnool,"1-Doctors Colony Road, KURNOOL",65,Kurnool,Kurnool-65
281,ZGF1770693,KIRAN KUMAR REDDY BHUMIREDDY,RAMACHANDRA REDDY BHUMIREDDY,1,47,MALE, 50-13-2736,137-Kurnool,"1-Doctors Colony Road, KURNOOL",65,Kurnool,Kurnool-65
282,ZGF2178102,C LOHITH,HANNA PADMA,3,31,MALE, 50-13-2712,137-Kurnool,"1-Doctors Colony Road, KURNOOL",65,Kurnool,Kurnool-65
283,ZGF2178094,B Y ANAND AMMA,P DEVADANAMA,3,88,FEMALE, 50-13-2712,137-Kurnool,"1-Doctors Colony Road, KURNOOL",65,Kurnool,Kurnool-65
284,ZGF2410991,AJITH KUMAR PASUPULETI,VENKATESWARLU PASUPULETI,1,33,MALE, 50-13-2700,137-Kurnool,"1-Doctors Colony Road, KURNOOL",65,Kurnool,Kurnool-65
285,ZGF2410983,VENKATESWARULU PASUPULETI,GOVINDARAJULU PASUPULETI,1,64,MALE, 50-13-2700,137-Kurnool,"1-Doctors Colony Road, KURNOOL",65,Kurnool,Kurnool-65
286,ZGF1861211,BHARATHI MUKKAMALLA,SRIKANTH UDNOOR,2,39,FEMALE, 50-13-2652,137-Kurnool,"1-Doctors Colony Road, KURNOOL",65,Kurnool,Kurnool-65
287,ZGF1861054,SRIKANTH UDNOOR,ASHOK UDNOOR,1,45,MALE, 50-13-2652,137-Kurnool,"1-Doctors Colony Road, KURNOOL",65,Kurnool,Kurnool-65
288,ZGF1602284,NOWSHEEN MULLANI,ANWAR BASHA MULLANI,1,32,FEMALE, 50-13-2629,137-Kurnool,"1-Doctors Colony Road, KURNOOL",65,Kurnool,Kurnool-65
289,ZGF2410868,K SATYANARAYANA RAO,K JANAKI RAMARAO,1,51,MALE, 50-13-2598,137-Kurnool,"1-Doctors Colony Road, KURNOOL",65,Kurnool,Kurnool-65
290,ZGF1148212,PRABHAKAR REDDY VULLAPADU,NALLA REDDY VULLAPADU,1,60,MALE, 50-13-2543,137-Kurnool,"1-Doctors Colony Road, KURNOOL",65,Kurnool,Kurnool-65
291,ZGF1602102,SAI DINESH SOLIGA,CHANDRA SEKHARAPPA SOLIGA,1,30,MALE, 50-13-2539,137-Kurnool,"1-Doctors Colony Road, KURNOOL",65,Kurnool,Kurnool-65
292,ZGF3306479,munaf shaik,nadimula shaik,1,52,MALE, 50-10b,137-Kurnool,"1-Doctors Colony Road, KURNOOL",65,Kurnool,Kurnool-65
293,DXS3220308,T SHAFIVULLA,TIE ABDUL SATHAR,1,53,MALE, 50-10-1943,137-Kurnool,"1-Doctors Colony Road, KURNOOL",65,Kurnool,Kurnool-65
294,ZGF0850255,PRAKASHA R,PARDASARDHI R,1,53,MALE, 50-10-1936,137-Kurnool,"1-Doctors Colony Road, KURNOOL",65,Kurnool,Kurnool-65
295,ZGF0671875,T HABEEBULLAH,T ABDULU SATHAR,1,42,MALE, 50-10-1934,137-Kurnool,"1-Doctors Colony Road, KURNOOL",65,Kurnool,Kurnool-65
296,DXS3220522,T HIDYATULLA,T ABDULU SATHAR,1,41,MALE, 50-10-1934,137-Kurnool,"1-Doctors Colony Road, KURNOOL",65,Kurnool,Kurnool-65
297,ZGF0575092,RAJALAKSHAMI,KAY SRINIVASARAO,2,53,FEMALE, 50-3-450,137-Kurnool,"1-Doctors Colony Road, KURNOOL",65,Kurnool,Kurnool-65
298,ZGF2187434,MABU SAB MADDURU,KHADER HUSSAIN MADDURU,1,58,MALE, 50-3-446,137-Kurnool,"1-Doctors Colony Road, KURNOOL",65,Kurnool,Kurnool-65
299,ZGF0784298,SUHASINI,MURALIDHAR,2,51,FEMALE, 50-3-432,137-Kurnool,"1-Doctors Colony Road, KURNOOL",65,Kurnool,Kurnool-65
300,ZGF2187293,EERANNA MADUGUNDU,BASANNA MADUGUNDU,1,76,MALE, 50-3-428,137-Kurnool,"1-Doctors Colony Road, KURNOOL",65,Kurnool,Kurnool-65
